"table_name","column_name","data_type","character_maximum_length","is_nullable"
"cat_datos_maestros","id","integer",NULL,"NO"
"cat_datos_maestros","str_tipo","character varying",50,"NO"
"cat_datos_maestros","str_nombre","character varying",50,"NO"
"cat_datos_maestros","str_descripcion","text",NULL,"NO"
"cat_datos_maestros","bol_activo","boolean",NULL,"NO"
"cat_datos_maestros","created_at","timestamp with time zone",NULL,"NO"
"cat_datos_maestros","updated_at","timestamp with time zone",NULL,"NO"
"cat_departamentos","id","integer",NULL,"NO"
"cat_departamentos","str_nombre","character varying",100,"NO"
"cat_departamentos","str_descripcion","character varying",255,"YES"
"cat_departamentos","created_at","timestamp with time zone",NULL,"NO"
"cat_departamentos","updated_at","timestamp with time zone",NULL,"NO"
"cat_opciones","id","integer",NULL,"NO"
"cat_opciones","str_nombre","text",NULL,"NO"
"cat_opciones","bol_eliminado","boolean",NULL,"NO"
"cat_opciones","fecha_creacion","time with time zone",NULL,"NO"
"cat_roles","id","integer",NULL,"NO"
"cat_roles","str_nombre","character varying",50,"NO"
"cat_roles","str_descripcion","character varying",255,"YES"
"cat_roles","created_at","timestamp with time zone",NULL,"NO"
"cat_roles","updated_at","timestamp with time zone",NULL,"NO"
"cat_sistemas","id","integer",NULL,"NO"
"cat_sistemas","str_sistema","character varying",50,"NO"
"cat_sistemas","str_descripcion","text",NULL,"YES"
"cat_sistemas","bol_activo","boolean",NULL,"NO"
"cat_sistemas","created_at","timestamp with time zone",NULL,"NO"
"cat_sistemas","updated_at","timestamp with time zone",NULL,"NO"
"tbl_auth_tokens","id","integer",NULL,"NO"
"tbl_auth_tokens","user_id","integer",NULL,"NO"
"tbl_auth_tokens","token","character varying",255,"NO"
"tbl_auth_tokens","created_at","timestamp with time zone",NULL,"NO"
"tbl_auth_tokens","expires_at","timestamp with time zone",NULL,"NO"
"tbl_auth_tokens","used","boolean",NULL,"NO"
"tbl_auth_tokens","str_device_id","character varying",255,"YES"
"tbl_auth_tokens","str_device_name","character varying",255,"YES"
"tbl_roles_sistemas","id","integer",NULL,"NO"
"tbl_roles_sistemas","rol_id","integer",NULL,"NO"
"tbl_roles_sistemas","sistema_id","integer",NULL,"NO"
"tbl_roles_sistemas","created_at","timestamp with time zone",NULL,"NO"
"tbl_roles_sistemas","updated_at","timestamp with time zone",NULL,"NO"
"tbl_roles_sistemas","bol_activo","boolean",NULL,"NO"
"tbl_roles_sistemas_opciones","id","integer",NULL,"NO"
"tbl_roles_sistemas_opciones","roles_sistemas_id","integer",NULL,"NO"
"tbl_roles_sistemas_opciones","opcion_id","integer",NULL,"NO"
"tbl_usuarios","id","integer",NULL,"NO"
"tbl_usuarios","departamento_id","integer",NULL,"NO"
"tbl_usuarios","str_cedula","character varying",14,"NO"
"tbl_usuarios","str_nombre","character varying",50,"NO"
"tbl_usuarios","str_apellido","character varying",50,"NO"
"tbl_usuarios","str_email","character varying",100,"NO"
"tbl_usuarios","str_password","character varying",255,"NO"
"tbl_usuarios","bol_activo","boolean",NULL,"NO"
"tbl_usuarios","created_at","timestamp with time zone",NULL,"NO"
"tbl_usuarios","updated_at","timestamp with time zone",NULL,"NO"
"tbl_usuarios","dmt_fecha_nacimiento","date",NULL,"YES"
"tbl_usuarios","str_direccion","text",NULL,"YES"
"tbl_usuarios","str_usuario","character varying",20,"YES"
"tbl_usuarios","str_telefono","character varying",13,"YES"
"tbl_usuarios","str_contacto_emergencia","character varying",13,"YES"
"tbl_usuarios_opciones_excepciones","id","integer",NULL,"NO"
"tbl_usuarios_opciones_excepciones","usuario_id","integer",NULL,"NO"
"tbl_usuarios_opciones_excepciones","opcion_id","integer",NULL,"NO"
"tbl_usuarios_opciones_excepciones","bol_permitido","boolean",NULL,"NO"
"tbl_usuarios_opciones_excepciones","created_at","timestamp with time zone",NULL,"NO"
"tbl_usuarios_opciones_excepciones","update_at","time without time zone",NULL,"NO"
"tbl_usuarios_roles_sistemas","id","integer",NULL,"NO"
"tbl_usuarios_roles_sistemas","usuario_id","integer",NULL,"NO"
"tbl_usuarios_roles_sistemas","rol_sistema_id","integer",NULL,"NO"
"tbl_usuarios_roles_sistemas","bol_activo","boolean",NULL,"NO"
"tbl_usuarios_roles_sistemas","created_at","timestamp with time zone",NULL,"NO"
"tbl_usuarios_roles_sistemas","updated_at","timestamp with time zone",NULL,"NO"
"view_matriz_roles_opciones","sistema_id","integer",NULL,"YES"
"view_matriz_roles_opciones","str_sistema","character varying",50,"YES"
"view_matriz_roles_opciones","rol_id","integer",NULL,"YES"
"view_matriz_roles_opciones","rol","character varying",50,"YES"
"view_matriz_roles_opciones","opciones_asignadas","text",NULL,"YES"
"view_usuarios_opciones_sistemas","usuario_id","integer",NULL,"YES"
"view_usuarios_opciones_sistemas","usuario","character varying",50,"YES"
"view_usuarios_opciones_sistemas","rol_id","integer",NULL,"YES"
"view_usuarios_opciones_sistemas","rol","character varying",50,"YES"
"view_usuarios_opciones_sistemas","sistema_id","integer",NULL,"YES"
"view_usuarios_opciones_sistemas","sistema","character varying",50,"YES"
"view_usuarios_opciones_sistemas","opcion_id","integer",NULL,"YES"
"view_usuarios_opciones_sistemas","opcion","text",NULL,"YES"
"view_usuarios_opciones_sistemas","tiene_permiso","boolean",NULL,"YES"
"view_usuarios_permisos_detallados","usuario_id","integer",NULL,"YES"
"view_usuarios_permisos_detallados","str_email","character varying",100,"YES"
"view_usuarios_permisos_detallados","sistema_id","integer",NULL,"YES"
"view_usuarios_permisos_detallados","str_sistema","character varying",50,"YES"
"view_usuarios_permisos_detallados","rol_id","integer",NULL,"YES"
"view_usuarios_permisos_detallados","rol","character varying",50,"YES"
"view_usuarios_permisos_detallados","opcion_id","integer",NULL,"YES"
"view_usuarios_permisos_detallados","opcion_permitida","text",NULL,"YES"
"view_usuarios_roles_sistemas","usuario_id","integer",NULL,"YES"
"view_usuarios_roles_sistemas","str_cedula","character varying",14,"YES"
"view_usuarios_roles_sistemas","usuario","text",NULL,"YES"
"view_usuarios_roles_sistemas","str_email","character varying",100,"YES"
"view_usuarios_roles_sistemas","departamento_id","integer",NULL,"YES"
"view_usuarios_roles_sistemas","departamento","character varying",100,"YES"
"view_usuarios_roles_sistemas","sistema_id","integer",NULL,"YES"
"view_usuarios_roles_sistemas","str_sistema","character varying",50,"YES"
"view_usuarios_roles_sistemas","rol_id","integer",NULL,"YES"
"view_usuarios_roles_sistemas","rol","character varying",50,"YES"
"view_usuarios_roles_sistemas","asignacion_activa","boolean",NULL,"YES"
